name,category,price_brl,station,description
"Camarão com Catupiry","Caldos","R$ 25,00",KITCHEN,""
"Carne com Batata ou Mandioca","Caldos","R$ 25,00",KITCHEN,"Escolher batata ou mandioca"
"Feijão Mexicano","Caldos","R$ 25,00",KITCHEN,""
"Moelinha","Caldos","R$ 25,00",KITCHEN,""
"Pernil com Mandioca","Caldos","R$ 25,00",KITCHEN,""
"Arroz Negro com Frutos do Mar","Pratos","R$ 35,00",KITCHEN,""
"Costelinha de Porco com Batata","Pratos","R$ 25,00",KITCHEN,""
"Jiló Recheado","Pratos","R$ 25,00",KITCHEN,""
"Paleta Suína Defumada - Inteira","Pratos","R$ 120,00",KITCHEN,""
"Paleta Suína Defumada - Meia","Pratos","R$ 70,00",KITCHEN,""
"Tábua de Frios","Pratos","R$ 40,00",KITCHEN,""
"Porção de Batata Frita - Tradicional","Porções","R$ 25,00",KITCHEN,""
"Porção de Batata Frita - com Calabresa","Porções","R$ 35,00",KITCHEN,""
"Porção de Coxinha da Asa","Porções","R$ 40,00",KITCHEN,""
"Porção de Isca de Frango","Porções","R$ 35,00",KITCHEN,""
"Bolinho de Bacalhau","Salgados","R$ 4,50",KITCHEN,""
"Bolinho de Carne","Salgados","R$ 7,00",KITCHEN,""
"Bolinho de Costela","Salgados","R$ 4,50",KITCHEN,""
"Bolinho de Carne Seca","Salgados","R$ 4,50",KITCHEN,""
"Coxinha da Asa","Salgados","R$ 10,00",KITCHEN,""
"Coxinha de Camarão","Salgados","R$ 6,00",KITCHEN,""
"Coxinha de Queijo com Alho","Salgados","R$ 3,50",KITCHEN,""
"Croquete de Carne","Salgados","R$ 7,00",KITCHEN,""
"Empada de Frango","Salgados","R$ 8,00",KITCHEN,""
"Empada de Queijo","Salgados","R$ 8,00",KITCHEN,""
"Esfiha de Carne","Salgados","R$ 4,50",KITCHEN,""
"Esfiha de Queijo","Salgados","R$ 6,00",KITCHEN,""
"Kibe","Salgados","R$ 4,50",KITCHEN,""
"Pastel de Camarão","Salgados","R$ 6,00",KITCHEN,""
"Pastel de Queijo","Salgados","R$ 5,00",KITCHEN,""
"Nozinho","Salgados","R$ 15,00",KITCHEN,""
"Amstel Long Neck","Cervejas","R$ 10,00",BAR,""
"Amstel Ultra Long Neck","Cervejas","R$ 10,00",BAR,""
"Heineken Long Neck","Cervejas","R$ 10,00",BAR,""
"Heineken 0% Long Neck","Cervejas","R$ 10,00",BAR,""
"Praya Lager Long Neck","Cervejas","R$ 10,00",BAR,""
"Corona Long Neck","Cervejas","R$ 10,00",BAR,""
"Corona Zero Long Neck","Cervejas","R$ 10,00",BAR,""
"Michelob Ultra Long Neck","Cervejas","R$ 10,00",BAR,""
"Sol Long Neck","Cervejas","R$ 9,00",BAR,""
"Spaten Long Neck","Cervejas","R$ 8,00",BAR,""
"Stella Pure Gold Long Neck","Cervejas","R$ 10,00",BAR,""
"Amstel Lata","Cervejas","R$ 8,00",BAR,""
"Heineken Lata","Cervejas","R$ 10,00",BAR,""
"Heineken 0% Lata","Cervejas","R$ 10,00",BAR,""
"Brahma Lata","Cervejas","R$ 8,00",BAR,""
"Império Lata","Cervejas","R$ 8,00",BAR,""
"Itaipava Lata","Cervejas","R$ 6,00",BAR,""
"Original Lata","Cervejas","R$ 10,00",BAR,""
"Spaten Lata","Cervejas","R$ 8,00",BAR,""
"Amstel 600ml","Cervejas","R$ 12,00",BAR,""
"Baden Baden 600ml","Cervejas","R$ 18,00",BAR,""
"Heineken 600ml","Cervejas","R$ 17,00",BAR,""
"Antarctica Original 600ml","Cervejas","R$ 16,00",BAR,""
"Antarctica Pilsen Azul 600ml","Cervejas","R$ 12,00",BAR,""
"Brahma 600ml","Cervejas","R$ 12,00",BAR,""
"Budweiser 600ml","Cervejas","R$ 12,00",BAR,""
"Corona 600ml","Cervejas","R$ 17,00",BAR,""
"Eisenbahn Pilsen 600ml","Cervejas","R$ 12,00",BAR,""
"Império Gold 600ml","Cervejas","R$ 17,00",BAR,""
"Império Lager 600ml","Cervejas","R$ 15,00",BAR,""
"Império Pilsen 600ml","Cervejas","R$ 12,00",BAR,""
"Spaten 600ml","Cervejas","R$ 15,00",BAR,""
"Amstel Litrão","Cervejas","R$ 14,00",BAR,""
"Antarctica Original Litrão","Cervejas","R$ 17,00",BAR,""
"Antarctica Pilsen Litrão","Cervejas","R$ 14,00",BAR,""
"Brahma Litrão","Cervejas","R$ 15,00",BAR,""
"Budweiser Litrão","Cervejas","R$ 15,00",BAR,""
"Itaipava Litrão","Cervejas","R$ 10,00",BAR,""
"Antarctica Original 300ml","Cervejas","R$ 7,50",BAR,""
"Brahma 300ml","Cervejas","R$ 6,00",BAR,""
"Itaipava 300ml","Cervejas","R$ 4,00",BAR,""
"Amarula (dose)","Destilados","R$ 15,00",BAR,""
"Cachaça Especial (dose)","Destilados","R$ 5,00",BAR,""
"Cachaça G (dose)","Destilados","R$ 3,00",BAR,""
"Cachaça P (dose)","Destilados","R$ 2,00",BAR,""
"Cachaça Sabor (dose)","Destilados","R$ 10,00",BAR,""
"Campari (dose)","Destilados","R$ 17,00",BAR,""
"Conhaque Domecq (dose)","Destilados","R$ 10,00",BAR,""
"Conhaque Presidente (dose)","Destilados","R$ 7,00",BAR,""
"Drambuie 100ml","Destilados","R$ 40,00",BAR,""
"Drambuie 50ml","Destilados","R$ 20,00",BAR,""
"Gabriela (dose)","Destilados","R$ 8,00",BAR,""
"Licor 43 G (dose)","Destilados","R$ 30,00",BAR,""
"Licor 43 P (dose)","Destilados","R$ 15,00",BAR,""
"Pinga com Limão (dose)","Destilados","R$ 5,00",BAR,""
"Pinga com Mel (dose)","Destilados","R$ 5,00",BAR,""
"Selvagem (dose)","Destilados","R$ 5,00",BAR,""
"Tequila José Cuervo (dose)","Destilados","R$ 17,00",BAR,""
"Vodka Smirnoff (dose)","Destilados","R$ 15,00",BAR,""
"Whisky Black Label (dose)","Destilados","R$ 35,00",BAR,""
"Whisky Jack Daniels (dose)","Destilados","R$ 25,00",BAR,""
"Whisky Red Label (dose)","Destilados","R$ 17,00",BAR,""
"Vinho Júlia Florista (garrafa)","Destilados","R$ 70,00",BAR,""
"Vinho Porta 6 (garrafa)","Destilados","R$ 80,00",BAR,""
"Whisky Black Label (garrafa)","Destilados","R$ 300,00",BAR,""
"Whisky Jack Daniels (garrafa)","Destilados","R$ 250,00",BAR,""
"Whisky Red Label (garrafa)","Destilados","R$ 170,00",BAR,""
"Amstel Vibes","Drinks","R$ 12,00",BAR,""
"Caipiríssima (Vodka)","Drinks","R$ 30,00",BAR,""
"Caipirinha (Cachaça)","Drinks","R$ 25,00",BAR,""
"Gin (drink)","Drinks","R$ 35,00",BAR,""
"Gin Tanqueray (drink)","Drinks","R$ 40,00",BAR,""
"Pink Moon 600ml","Drinks","R$ 12,00",BAR,""
"Pink Moon 2L","Drinks","R$ 40,00",BAR,""
"Ice Smirnoff Garrafa","Drinks","R$ 12,00",BAR,""
"Ice Smirnoff Lata","Drinks","R$ 12,00",BAR,""
"Régua Cachaça Sabor","Drinks","R$ 40,00",BAR,""
"Skol Beats Garrafa","Drinks","R$ 12,00",BAR,""
"Pinga com Mel (drink)","Drinks","R$ 10,00",BAR,""
"Taça de Vinho","Drinks","R$ 10,00",BAR,""
"Água Mamba sem Gás","Bebidas","R$ 4,00",BAR,""
"Água Mamba com Gás","Bebidas","R$ 5,00",BAR,""
"Água com Gás","Bebidas","R$ 4,00",BAR,""
"Água sem Gás","Bebidas","R$ 5,00",BAR,""
"Ativ Plus","Bebidas","R$ 3,00",BAR,""
"Fys Sabores","Bebidas","R$ 6,00",BAR,""
"Coca-Cola 200ml","Bebidas","R$ 4,00",BAR,""
"Coca-Cola Lata","Bebidas","R$ 6,00",BAR,""
"Coca-Cola Zero Lata","Bebidas","R$ 6,00",BAR,""
"Energético Monster","Bebidas","R$ 15,00",BAR,""
"Red Bull 250ml","Bebidas","R$ 15,00",BAR,""
"Red Bull 355ml","Bebidas","R$ 25,00",BAR,""
"TNT","Bebidas","R$ 15,00",BAR,""
"Fanta Uva","Bebidas","R$ 6,00",BAR,""
"Fanta Laranja 200ml","Bebidas","R$ 4,00",BAR,""
"Fanta Laranja Lata","Bebidas","R$ 6,00",BAR,""
"Gatorade","Bebidas","R$ 8,50",BAR,""
"Guaraná","Bebidas","R$ 6,00",BAR,""
"Guaraviton","Bebidas","R$ 5,00",BAR,""
"H2O","Bebidas","R$ 8,50",BAR,""
"H2O Limonetto","Bebidas","R$ 8,50",BAR,""
"Ice Tea","Bebidas","R$ 7,00",BAR,""
"Kapo","Bebidas","R$ 5,00",BAR,""
"Schweppes","Bebidas","R$ 6,00",BAR,""
"Sprite","Bebidas","R$ 5,00",BAR,""
"Suco DV Goiaba Lata","Bebidas","R$ 8,50",BAR,""
"Suco DV Laranja 200ml","Bebidas","R$ 6,00",BAR,""
"Suco Laranja Lata","Bebidas","R$ 8,50",BAR,""
"Suco DV Pêssego Lata","Bebidas","R$ 8,50",BAR,""
"Suco DV Uva 200ml","Bebidas","R$ 6,00",BAR,""
"Suco DV Uva Lata","Bebidas","R$ 8,50",BAR,""
"Tônica Lata","Bebidas","R$ 6,00",BAR,""
